Nombre,Apellidos,DNI
Alejandro,García Fernández,48151623Z
María,Rodríguez López,23423411A
Carmen,González Martínez,98765432B
Javier,Pérez Sánchez,12345678C
Lucía,Gómez Martín,87654321D
Daniel,Jiménez Ruiz,34567890E
Paula,Hernández Díaz,09876543F
David,Moreno Muñoz,56789012G
Sofia,Álvarez Romero,65432109H
Carlos,Alonso Gutiérrez,78901234J
Laura,Navarro Torres,43210987K
Pablo,Domínguez Vázquez,89012345L
Marta,Ramos Gil,32109876M
Hugo,Ramírez Serrano,90123456N
Sara,Blanco Molina,21098765P
Álvaro,Morales Suárez,01234567Q
Elena,Ortega Delgado,10987654R
Diego,Castro Ortiz,23456789S
Ana,Rubio Marín,98123456T
Manuel,Sanz Núñez,87234567V